-- phpMyAdmin SQL Dump
-- version 4.5.1
-- http://www.phpmyadmin.net
--
-- Host: 127.0.0.1
-- Generation Time: Jul 25, 2021 at 09:06 AM
-- Server version: 10.1.19-MariaDB
-- PHP Version: 5.6.28

SET SQL_MODE = "NO_AUTO_VALUE_ON_ZERO";
SET time_zone = "+00:00";


/*!40101 SET @OLD_CHARACTER_SET_CLIENT=@@CHARACTER_SET_CLIENT */;
/*!40101 SET @OLD_CHARACTER_SET_RESULTS=@@CHARACTER_SET_RESULTS */;
/*!40101 SET @OLD_COLLATION_CONNECTION=@@COLLATION_CONNECTION */;
/*!40101 SET NAMES utf8mb4 */;

--
-- Database: `seleksi`
--

-- --------------------------------------------------------

--
-- Table structure for table `admin`
--

CREATE TABLE `admin` (
  `id_admin` int(11) NOT NULL,
  `nama` varchar(100) NOT NULL,
  `username` varchar(100) NOT NULL,
  `password` varchar(100) NOT NULL
) ENGINE=InnoDB DEFAULT CHARSET=latin1;

--
-- Dumping data for table `admin`
--

INSERT INTO `admin` (`id_admin`, `nama`, `username`, `password`) VALUES
(1, 'admin', 'admin', '123');

-- --------------------------------------------------------

--
-- Table structure for table `analisa`
--

CREATE TABLE `analisa` (
  `id_analisa` int(11) NOT NULL,
  `id_kriteria` int(11) NOT NULL,
  `id_siswa` int(11) NOT NULL,
  `nilainya` varchar(11) NOT NULL
) ENGINE=InnoDB DEFAULT CHARSET=latin1;

--
-- Dumping data for table `analisa`
--

INSERT INTO `analisa` (`id_analisa`, `id_kriteria`, `id_siswa`, `nilainya`) VALUES
(56, 1, 1, '2'),
(57, 2, 1, '1'),
(58, 3, 1, '2'),
(59, 4, 1, '2'),
(60, 5, 1, '3'),
(66, 1, 2, '2'),
(67, 2, 2, '2'),
(68, 3, 2, '2'),
(69, 4, 2, '2'),
(70, 5, 2, '4'),
(76, 1, 3, '3'),
(77, 2, 3, '3'),
(78, 3, 3, '1'),
(79, 4, 3, '3'),
(80, 5, 3, '4'),
(86, 1, 4, '3'),
(87, 2, 4, '1'),
(88, 3, 4, '3'),
(89, 4, 4, '3'),
(90, 5, 4, '3'),
(96, 1, 5, '2'),
(97, 2, 5, '1'),
(98, 3, 5, '2'),
(99, 4, 5, '2'),
(100, 5, 5, '3'),
(106, 1, 6, '3'),
(107, 2, 6, '1'),
(108, 3, 6, '1'),
(109, 4, 6, '3'),
(110, 5, 6, '3'),
(116, 1, 7, '3'),
(117, 2, 7, '3'),
(118, 3, 7, '1'),
(119, 4, 7, '3'),
(120, 5, 7, '4'),
(126, 1, 8, '2'),
(127, 2, 8, '3'),
(128, 3, 8, '1'),
(129, 4, 8, '2'),
(130, 5, 8, '3'),
(136, 1, 9, '4'),
(137, 2, 9, '1'),
(138, 3, 9, '2'),
(139, 4, 9, '4'),
(140, 5, 9, '3'),
(146, 1, 10, '2'),
(147, 2, 10, '1'),
(148, 3, 10, '1'),
(149, 4, 10, '3'),
(150, 5, 10, '3'),
(156, 1, 11, '3'),
(157, 2, 11, '1'),
(158, 3, 11, '2'),
(159, 4, 11, '4'),
(160, 5, 11, '3'),
(166, 1, 12, '2'),
(167, 2, 12, '1'),
(168, 3, 12, '2'),
(169, 4, 12, '2'),
(170, 5, 12, '2'),
(176, 1, 13, '3'),
(177, 2, 13, '2'),
(178, 3, 13, '1'),
(179, 4, 13, '4'),
(180, 5, 13, '3'),
(186, 1, 14, '2'),
(187, 2, 14, '1'),
(188, 3, 14, '3'),
(189, 4, 14, '2'),
(190, 5, 14, '3'),
(196, 1, 15, '3'),
(197, 2, 15, '1'),
(198, 3, 15, '2'),
(199, 4, 15, '3'),
(200, 5, 15, '3'),
(206, 1, 16, '3'),
(207, 2, 16, '1'),
(208, 3, 16, '2'),
(209, 4, 16, '3'),
(210, 5, 16, '1'),
(216, 1, 17, '3'),
(217, 2, 17, '2'),
(218, 3, 17, '1'),
(219, 4, 17, '3'),
(220, 5, 17, '3'),
(226, 1, 18, '4'),
(227, 2, 18, '2'),
(228, 3, 18, '2'),
(229, 4, 18, '4'),
(230, 5, 18, '3'),
(236, 1, 19, '3'),
(237, 2, 19, '4'),
(238, 3, 19, '2'),
(239, 4, 19, '3'),
(240, 5, 19, '4'),
(246, 1, 20, '3'),
(247, 2, 20, '2'),
(248, 3, 20, '1'),
(249, 4, 20, '3'),
(250, 5, 20, '3'),
(256, 1, 21, '2'),
(257, 2, 21, '1'),
(258, 3, 21, '2'),
(259, 4, 21, '2'),
(260, 5, 21, '1'),
(266, 1, 22, '2'),
(267, 2, 22, '1'),
(268, 3, 22, '2'),
(269, 4, 22, '2'),
(270, 5, 22, '3'),
(276, 1, 23, '3'),
(277, 2, 23, '1'),
(278, 3, 23, '3'),
(279, 4, 23, '3'),
(280, 5, 23, '1'),
(286, 1, 24, '3'),
(287, 2, 24, '4'),
(288, 3, 24, '1'),
(289, 4, 24, '3'),
(290, 5, 24, '4'),
(296, 1, 25, '4'),
(297, 2, 25, '3'),
(298, 3, 25, '1'),
(299, 4, 25, '4'),
(300, 5, 25, '3'),
(306, 1, 26, '2'),
(307, 2, 26, '1'),
(308, 3, 26, '3'),
(309, 4, 26, '2'),
(310, 5, 26, '3'),
(316, 1, 27, '4'),
(317, 2, 27, '1'),
(318, 3, 27, '2'),
(319, 4, 27, '4'),
(320, 5, 27, '3'),
(326, 1, 28, '2'),
(327, 2, 28, '1'),
(328, 3, 28, '1'),
(329, 4, 28, '2'),
(330, 5, 28, '1'),
(336, 1, 29, '3'),
(337, 2, 29, '4'),
(338, 3, 29, '2'),
(339, 4, 29, '3'),
(340, 5, 29, '4'),
(346, 1, 30, '2'),
(347, 2, 30, '1'),
(348, 3, 30, '1'),
(349, 4, 30, '2'),
(350, 5, 30, '3'),
(356, 1, 31, '3'),
(357, 2, 31, '4'),
(358, 3, 31, '1'),
(359, 4, 31, '3'),
(360, 5, 31, '4'),
(366, 1, 32, '3'),
(367, 2, 32, '2'),
(368, 3, 32, '2'),
(369, 4, 32, '3'),
(370, 5, 32, '3'),
(376, 1, 33, '4'),
(377, 2, 33, '3'),
(378, 3, 33, '1'),
(379, 4, 33, '4'),
(380, 5, 33, '4'),
(386, 1, 34, '2'),
(387, 2, 34, '1'),
(388, 3, 34, '2'),
(389, 4, 34, '2'),
(390, 5, 34, '1'),
(396, 1, 35, '3'),
(397, 2, 35, '2'),
(398, 3, 35, '1'),
(399, 4, 35, '3'),
(400, 5, 35, '3'),
(406, 1, 36, '4'),
(407, 2, 36, '3'),
(408, 3, 36, '1'),
(409, 4, 36, '4'),
(410, 5, 36, '3'),
(416, 1, 37, '3'),
(417, 2, 37, '1'),
(418, 3, 37, '3'),
(419, 4, 37, '3'),
(420, 5, 37, '3'),
(426, 1, 38, '3'),
(427, 2, 38, '1'),
(428, 3, 38, '1'),
(429, 4, 38, '3'),
(430, 5, 38, '3'),
(436, 1, 39, '4'),
(437, 2, 39, '4'),
(438, 3, 39, '1'),
(439, 4, 39, '4'),
(440, 5, 39, '4'),
(446, 1, 40, '4'),
(447, 2, 40, '4'),
(448, 3, 40, '1'),
(449, 4, 40, '4'),
(450, 5, 40, '4'),
(456, 1, 41, '2'),
(457, 2, 41, '1'),
(458, 3, 41, '2'),
(459, 4, 41, '2'),
(460, 5, 41, '3'),
(466, 1, 42, '3'),
(467, 2, 42, '3'),
(468, 3, 42, '2'),
(469, 4, 42, '3'),
(470, 5, 42, '3'),
(476, 1, 43, '2'),
(477, 2, 43, '1'),
(478, 3, 43, '1'),
(479, 4, 43, '2'),
(480, 5, 43, '1'),
(486, 1, 44, '2'),
(487, 2, 44, '2'),
(488, 3, 44, '1'),
(489, 4, 44, '2'),
(490, 5, 44, '2'),
(496, 1, 45, '3'),
(497, 2, 45, '1'),
(498, 3, 45, '1'),
(499, 4, 45, '3'),
(500, 5, 45, '3'),
(506, 1, 46, '4'),
(507, 2, 46, '3'),
(508, 3, 46, '1'),
(509, 4, 46, '4'),
(510, 5, 46, '3'),
(516, 1, 47, '3'),
(517, 2, 47, '3'),
(518, 3, 47, '3'),
(519, 4, 47, '3'),
(520, 5, 47, '3'),
(526, 1, 48, '2'),
(527, 2, 48, '2'),
(528, 3, 48, '1'),
(529, 4, 48, '2'),
(530, 5, 48, '2'),
(536, 1, 49, '3'),
(537, 2, 49, '3'),
(538, 3, 49, '2'),
(539, 4, 49, '3'),
(540, 5, 49, '3'),
(546, 1, 50, '4'),
(547, 2, 50, '2'),
(548, 3, 50, '1'),
(549, 4, 50, '4'),
(550, 5, 50, '3'),
(556, 1, 51, '4'),
(557, 2, 51, '4'),
(558, 3, 51, '1'),
(559, 4, 51, '4'),
(560, 5, 51, '4'),
(566, 1, 52, '2'),
(567, 2, 52, '2'),
(568, 3, 52, '1'),
(569, 4, 52, '2'),
(570, 5, 52, '2'),
(576, 1, 53, '3'),
(577, 2, 53, '4'),
(578, 3, 53, '2'),
(579, 4, 53, '3'),
(580, 5, 53, '4'),
(586, 1, 54, '2'),
(587, 2, 54, '4'),
(588, 3, 54, '1'),
(589, 4, 54, '2'),
(590, 5, 54, '4'),
(596, 1, 55, '3'),
(597, 2, 55, '4'),
(598, 3, 55, '3'),
(599, 4, 55, '3'),
(600, 5, 55, '4'),
(606, 1, 56, '4'),
(607, 2, 56, '2'),
(608, 3, 56, '1'),
(609, 4, 56, '4'),
(610, 5, 56, '3'),
(616, 1, 57, '2'),
(617, 2, 57, '1'),
(618, 3, 57, '1'),
(619, 4, 57, '2'),
(620, 5, 57, '1'),
(626, 1, 58, '3'),
(627, 2, 58, '4'),
(628, 3, 58, '2'),
(629, 4, 58, '3'),
(630, 5, 58, '4'),
(636, 1, 59, '2'),
(637, 2, 59, '3'),
(638, 3, 59, '2'),
(639, 4, 59, '2'),
(640, 5, 59, '3'),
(646, 1, 60, '4'),
(647, 2, 60, '4'),
(648, 3, 60, '3'),
(649, 4, 60, '4'),
(650, 5, 60, '4'),
(656, 1, 61, '2'),
(657, 2, 61, '2'),
(658, 3, 61, '1'),
(659, 4, 61, '2'),
(660, 5, 61, '4'),
(666, 1, 62, '4'),
(667, 2, 62, '3'),
(668, 3, 62, '1'),
(669, 4, 62, '4'),
(670, 5, 62, '3'),
(676, 1, 63, '4'),
(677, 2, 63, '5'),
(678, 3, 63, '3'),
(679, 4, 63, '3'),
(680, 5, 63, '5'),
(686, 1, 64, '3'),
(687, 2, 64, '1'),
(688, 3, 64, '2'),
(689, 4, 64, '3'),
(690, 5, 64, '3'),
(696, 1, 65, '3'),
(697, 2, 65, '1'),
(698, 3, 65, '1'),
(699, 4, 65, '3'),
(700, 5, 65, '3'),
(706, 1, 66, '4'),
(707, 2, 66, '1'),
(708, 3, 66, '1'),
(709, 4, 66, '4'),
(710, 5, 66, '3'),
(716, 1, 67, '3'),
(717, 2, 67, '4'),
(718, 3, 67, '1'),
(719, 4, 67, '3'),
(720, 5, 67, '4'),
(726, 1, 68, '2'),
(727, 2, 68, '4'),
(728, 3, 68, '2'),
(729, 4, 68, '2'),
(730, 5, 68, '4'),
(736, 1, 69, '3'),
(737, 2, 69, '1'),
(738, 3, 69, '2'),
(739, 4, 69, '3'),
(740, 5, 69, '3'),
(746, 1, 70, '4'),
(747, 2, 70, '2'),
(748, 3, 70, '1'),
(749, 4, 70, '4'),
(750, 5, 70, '3'),
(756, 1, 71, '4'),
(757, 2, 71, '2'),
(758, 3, 71, '1'),
(759, 4, 71, '4'),
(760, 5, 71, '4'),
(766, 1, 72, '3'),
(767, 2, 72, '1'),
(768, 3, 72, '1'),
(769, 4, 72, '3'),
(770, 5, 72, '4'),
(776, 1, 73, '2'),
(777, 2, 73, '1'),
(778, 3, 73, '1'),
(779, 4, 73, '2'),
(780, 5, 73, '1'),
(786, 1, 74, '3'),
(787, 2, 74, '1'),
(788, 3, 74, '2'),
(789, 4, 74, '3'),
(790, 5, 74, '3'),
(796, 1, 75, '2'),
(797, 2, 75, '1'),
(798, 3, 75, '2'),
(799, 4, 75, '2'),
(800, 5, 75, '3'),
(806, 1, 76, '2'),
(807, 2, 76, '1'),
(808, 3, 76, '1'),
(809, 4, 76, '2'),
(810, 5, 76, '3'),
(816, 1, 77, '3'),
(817, 2, 77, '1'),
(818, 3, 77, '1'),
(819, 4, 77, '3'),
(820, 5, 77, '4'),
(826, 1, 78, '3'),
(827, 2, 78, '1'),
(828, 3, 78, '1'),
(829, 4, 78, '3'),
(830, 5, 78, '3'),
(836, 1, 79, '4'),
(837, 2, 79, '2'),
(838, 3, 79, '1'),
(839, 4, 79, '4'),
(840, 5, 79, '4'),
(846, 1, 80, '4'),
(847, 2, 80, '2'),
(848, 3, 80, '2'),
(849, 4, 80, '4'),
(850, 5, 80, '3'),
(856, 1, 81, '2'),
(857, 2, 81, '1'),
(858, 3, 81, '1'),
(859, 4, 81, '2'),
(860, 5, 81, '3'),
(866, 1, 82, '3'),
(867, 2, 82, '1'),
(868, 3, 82, '1'),
(869, 4, 82, '3'),
(870, 5, 82, '3'),
(876, 1, 83, '4'),
(877, 2, 83, '4'),
(878, 3, 83, '2'),
(879, 4, 83, '4'),
(880, 5, 83, '4'),
(886, 1, 84, '3'),
(887, 2, 84, '1'),
(888, 3, 84, '1'),
(889, 4, 84, '3'),
(890, 5, 84, '3'),
(896, 1, 85, '2'),
(897, 2, 85, '1'),
(898, 3, 85, '1'),
(899, 4, 85, '2'),
(900, 5, 85, '1'),
(906, 1, 86, '4'),
(907, 2, 86, '3'),
(908, 3, 86, '1'),
(909, 4, 86, '4'),
(910, 5, 86, '3'),
(916, 1, 87, '4'),
(917, 2, 87, '2'),
(918, 3, 87, '1'),
(919, 4, 87, '4'),
(920, 5, 87, '3'),
(926, 1, 88, '2'),
(927, 2, 88, '1'),
(928, 3, 88, '1'),
(929, 4, 88, '2'),
(930, 5, 88, '3'),
(936, 1, 89, '4'),
(937, 2, 89, '3'),
(938, 3, 89, '2'),
(939, 4, 89, '4'),
(940, 5, 89, '3'),
(946, 1, 90, '3'),
(947, 2, 90, '1'),
(948, 3, 90, '1'),
(949, 4, 90, '3'),
(950, 5, 90, '3'),
(956, 1, 91, '2'),
(957, 2, 91, '1'),
(958, 3, 91, '1'),
(959, 4, 91, '2'),
(960, 5, 91, '3'),
(966, 1, 92, '2'),
(967, 2, 92, '1'),
(968, 3, 92, '2'),
(969, 4, 92, '2'),
(970, 5, 92, '2'),
(976, 1, 93, '3'),
(977, 2, 93, '4'),
(978, 3, 93, '2'),
(979, 4, 93, '3'),
(980, 5, 93, '4'),
(986, 1, 94, '2'),
(987, 2, 94, '2'),
(988, 3, 94, '1'),
(989, 4, 94, '2'),
(990, 5, 94, '2'),
(996, 1, 95, '2'),
(997, 2, 95, '4'),
(998, 3, 95, '1'),
(999, 4, 95, '2'),
(1000, 5, 95, '4'),
(1006, 1, 96, '3'),
(1007, 2, 96, '1'),
(1008, 3, 96, '2'),
(1009, 4, 96, '3'),
(1010, 5, 96, '3'),
(1016, 1, 97, '4'),
(1017, 2, 97, '3'),
(1018, 3, 97, '2'),
(1019, 4, 97, '4'),
(1020, 5, 97, '3'),
(1026, 1, 98, '4'),
(1027, 2, 98, '3'),
(1028, 3, 98, '1'),
(1029, 4, 98, '4'),
(1030, 5, 98, '3'),
(1036, 1, 99, '3'),
(1037, 2, 99, '1'),
(1038, 3, 99, '1'),
(1039, 4, 99, '3'),
(1040, 5, 99, '3'),
(1046, 1, 100, '2'),
(1047, 2, 100, '2'),
(1048, 3, 100, '2'),
(1049, 4, 100, '2'),
(1050, 5, 100, '2'),
(1056, 1, 101, '2'),
(1057, 2, 101, '1'),
(1058, 3, 101, '2'),
(1059, 4, 101, '2'),
(1060, 5, 101, '3'),
(1066, 1, 102, '4'),
(1067, 2, 102, '1'),
(1068, 3, 102, '2'),
(1069, 4, 102, '4'),
(1070, 5, 102, '3'),
(1076, 1, 103, '4'),
(1077, 2, 103, '3'),
(1078, 3, 103, '1'),
(1079, 4, 103, '4'),
(1080, 5, 103, '3'),
(1086, 1, 104, '3'),
(1087, 2, 104, '4'),
(1088, 3, 104, '2'),
(1089, 4, 104, '3'),
(1090, 5, 104, '4'),
(1096, 1, 105, '2'),
(1097, 2, 105, '1'),
(1098, 3, 105, '1'),
(1099, 4, 105, '2'),
(1100, 5, 105, '3'),
(1106, 1, 106, '3'),
(1107, 2, 106, '1'),
(1108, 3, 106, '1'),
(1109, 4, 106, '3'),
(1110, 5, 106, '3'),
(1116, 1, 107, '4'),
(1117, 2, 107, '3'),
(1118, 3, 107, '2'),
(1119, 4, 107, '4'),
(1120, 5, 107, '3'),
(1126, 1, 108, '3'),
(1127, 2, 108, '1'),
(1128, 3, 108, '1'),
(1129, 4, 108, '3'),
(1130, 5, 108, '3'),
(1136, 1, 109, '5'),
(1137, 2, 109, '5'),
(1138, 3, 109, '2'),
(1139, 4, 109, '5'),
(1140, 5, 109, '5'),
(1146, 1, 110, '4'),
(1147, 2, 110, '3'),
(1148, 3, 110, '2'),
(1149, 4, 110, '4'),
(1150, 5, 110, '3'),
(1156, 1, 111, '4'),
(1157, 2, 111, '3'),
(1158, 3, 111, '2'),
(1159, 4, 111, '4'),
(1160, 5, 111, '3'),
(1166, 1, 112, '4'),
(1167, 2, 112, '3'),
(1168, 3, 112, '2'),
(1169, 4, 112, '4'),
(1170, 5, 112, '3'),
(1176, 1, 113, '3'),
(1177, 2, 113, '1'),
(1178, 3, 113, '2'),
(1179, 4, 113, '3'),
(1180, 5, 113, '3'),
(1186, 1, 114, '4'),
(1187, 2, 114, '3'),
(1188, 3, 114, '1'),
(1189, 4, 114, '4'),
(1190, 5, 114, '3'),
(1196, 1, 115, '4'),
(1197, 2, 115, '2'),
(1198, 3, 115, '2'),
(1199, 4, 115, '4'),
(1200, 5, 115, '3'),
(1206, 1, 116, '3'),
(1207, 2, 116, '1'),
(1208, 3, 116, '1'),
(1209, 4, 116, '3'),
(1210, 5, 116, '3'),
(1216, 1, 117, '2'),
(1217, 2, 117, '1'),
(1218, 3, 117, '1'),
(1219, 4, 117, '2'),
(1220, 5, 117, '1'),
(1226, 1, 118, '2'),
(1227, 2, 118, '1'),
(1228, 3, 118, '1'),
(1229, 4, 118, '2'),
(1230, 5, 118, '3'),
(1236, 1, 119, '3'),
(1237, 2, 119, '1'),
(1238, 3, 119, '2'),
(1239, 4, 119, '3'),
(1240, 5, 119, '3'),
(1246, 1, 120, '4'),
(1247, 2, 120, '1'),
(1248, 3, 120, '2'),
(1249, 4, 120, '4'),
(1250, 5, 120, '3'),
(1256, 1, 121, '4'),
(1257, 2, 121, '3'),
(1258, 3, 121, '2'),
(1259, 4, 121, '4'),
(1260, 5, 121, '3'),
(1266, 1, 122, '2'),
(1267, 2, 122, '1'),
(1268, 3, 122, '1'),
(1269, 4, 122, '2'),
(1270, 5, 122, '3'),
(1276, 1, 123, '3'),
(1277, 2, 123, '1'),
(1278, 3, 123, '1'),
(1279, 4, 123, '3'),
(1280, 5, 123, '3'),
(1286, 1, 124, '2'),
(1287, 2, 124, '2'),
(1288, 3, 124, '1'),
(1289, 4, 124, '2'),
(1290, 5, 124, '2'),
(1296, 1, 125, '3'),
(1297, 2, 125, '4'),
(1298, 3, 125, '2'),
(1299, 4, 125, '3'),
(1300, 5, 125, '4'),
(1306, 1, 126, '4'),
(1307, 2, 126, '3'),
(1308, 3, 126, '2'),
(1309, 4, 126, '4'),
(1310, 5, 126, '3'),
(1316, 1, 127, '3'),
(1317, 2, 127, '4'),
(1318, 3, 127, '2'),
(1319, 4, 127, '3'),
(1320, 5, 127, '4'),
(1326, 1, 128, '4'),
(1327, 2, 128, '4'),
(1328, 3, 128, '1'),
(1329, 4, 128, '4'),
(1330, 5, 128, '4'),
(1336, 1, 129, '4'),
(1337, 2, 129, '4'),
(1338, 3, 129, '1'),
(1339, 4, 129, '4'),
(1340, 5, 129, '4'),
(1346, 1, 130, '3'),
(1347, 2, 130, '1'),
(1348, 3, 130, '1'),
(1349, 4, 130, '3'),
(1350, 5, 130, '3'),
(1356, 1, 131, '4'),
(1357, 2, 131, '3'),
(1358, 3, 131, '1'),
(1359, 4, 131, '4'),
(1360, 5, 131, '3'),
(1366, 1, 132, '3'),
(1367, 2, 132, '1'),
(1368, 3, 132, '2'),
(1369, 4, 132, '3'),
(1370, 5, 132, '3'),
(1376, 1, 133, '4'),
(1377, 2, 133, '3'),
(1378, 3, 133, '2'),
(1379, 4, 133, '4'),
(1380, 5, 133, '3'),
(1386, 1, 134, '2'),
(1387, 2, 134, '2'),
(1388, 3, 134, '2'),
(1389, 4, 134, '2'),
(1390, 5, 134, '2'),
(1396, 1, 135, '3'),
(1397, 2, 135, '1'),
(1398, 3, 135, '1'),
(1399, 4, 135, '3'),
(1400, 5, 135, '1'),
(1406, 1, 136, '2'),
(1407, 2, 136, '1'),
(1408, 3, 136, '1'),
(1409, 4, 136, '2'),
(1410, 5, 136, '3'),
(1416, 1, 137, '2'),
(1417, 2, 137, '1'),
(1418, 3, 137, '1'),
(1419, 4, 137, '2'),
(1420, 5, 137, '3');

-- --------------------------------------------------------

--
-- Table structure for table `data_siswa`
--

CREATE TABLE `data_siswa` (
  `id_siswa` int(11) NOT NULL,
  `Nama` varchar(100) NOT NULL,
  `Tempat_lahir` varchar(100) NOT NULL,
  `Tanggal_lahir` varchar(100) NOT NULL,
  `Jenis_Kelamin` enum('Laki-Laki','Perempuan') NOT NULL,
  `Alamat` varchar(100) NOT NULL,
  `Nama_Ayah_Kandung` char(100) NOT NULL,
  `Nama_Ibu_Kandung` varchar(100) NOT NULL,
  `Nama_Wali` varchar(100) NOT NULL,
  `Kelas` int(11) NOT NULL
) ENGINE=InnoDB DEFAULT CHARSET=latin1;

--
-- Dumping data for table `data_siswa`
--

INSERT INTO `data_siswa` (`id_siswa`, `Nama`, `Tempat_lahir`, `Tanggal_lahir`, `Jenis_Kelamin`, `Alamat`, `Nama_Ayah_Kandung`, `Nama_Ibu_Kandung`, `Nama_Wali`, `Kelas`) VALUES
(1, 'NADIN SYAKILLA YUMNAA', 'MADIUN', '2/18/2014', 'Perempuan', 'Jumok RT 14 RW 02, , KEBON SARI, MADIUN, JAWA TIMUR, 63173', 'ZAINUDIN', 'SRI ANA SAFITRI', 'ZAINUDIN', 1),
(2, 'BIBIT FITRIANA', 'MADIUN', '8/13/2013', 'Perempuan', 'Nglongko RT 20 RW 04, , KEBON SARI, MADIUN, JAWA TIMUR, 63173', 'SUPRIYONO', 'MUSYAROFAH', 'SUPRIYONO', 1),
(3, 'ANANDA SANIA ZAHWA', 'MADIUN', '10/6/2013', 'Laki-Laki', 'DESA BALEREJO, , KEBON SARI, MADIUN, JAWA TIMUR, 63173', 'ZAINAL ARIFIN', 'DEVI AMBARWATI', 'ZAINAL ARIFIN', 1),
(4, 'ALBESARIN BRILIAN BILLY M', 'MADIUN', '8/20/2013', 'Perempuan', 'Nglongko RT 18 RW 04, , KEBON SARI, MADIUN, JAWA TIMUR, 63173', 'MOH. SHOLEKHAN', 'YUSVIA FATKHUL ROHMAWATI', 'MOH. SHOLEKHAN', 1),
(5, 'M DAREL PUTRA AHSANI', 'MADIUN', '4/5/2014', 'Perempuan', 'Nglongko RT 18 RW 04, , KEBON SARI, MADIUN, JAWA TIMUR, 63173', 'DARDIRI', 'BIBIT ROYANI', 'DARDIRI', 1),
(6, 'FATIH NIYAZ HISYAMUDDIN', 'MADIUN', '1/19/2014', 'Laki-Laki', 'DESA BALEREJO, , KEBON SARI, MADIUN, JAWA TIMUR, 63173', 'ARIS BOINARKO', 'ESTI KHUMAIYAH', 'ARIS BOINARKO', 1),
(7, 'AUFA EZAR MUZAFFAR', 'MADIUN', '9/28/2013', 'Laki-Laki', 'DESA BALEREJO, , KEBON SARI, MADIUN, JAWA TIMUR, 63173', 'ENDRIK VEDES WALUYO', 'NOVARIA ZULAICHA TRISDIANA', 'ENDRIK VEDES WALUYO', 1),
(8, 'DZAKIRA SYAHLAA NUHA WIBOWO', 'MADIUN', '6/12/2013', 'Perempuan', 'DESA BALEREJO, , KEBON SARI, MADIUN, JAWA TIMUR, 63173', 'GATOT WIBOWO', 'FITRI ANA CATUR WATI', 'GATOT WIBOWO', 1),
(9, 'NAUVAL ADELIO AULIA AKBAR', 'MADIUN', '9/20/2013', 'Perempuan', 'Jumok RT 15 RW 02, , KEBON SARI, MADIUN, JAWA TIMUR, 63173', 'ISWAHYUDI SSTPI', 'FENTY YULAIKAH', 'ISWAHYUDI SSTPI', 1),
(10, 'KANAYA MEILIA PUTRI', 'MAGETAN', '1/21/2014', 'Perempuan', 'Dukuh Jeruk, , NGUNTORONADI, MAGETAN, JAWA TIMUR, 63383', 'DARSONO', 'WARSINI', 'DARSONO', 1),
(11, 'SYAKILA TALITA AZZAHRA', 'MADIUN', '1/24/2014', 'Perempuan', 'DESA BALEREJO, , KEBON SARI, MADIUN, JAWA TIMUR, 63173', 'MIFTAHUL HUDA', 'SOMIATI', 'MIFTAHUL HUDA', 1),
(12, 'ADHYASTA AFIF PRIBADI', 'MADIUN', '5/13/2013', 'Laki-Laki', 'BALEREJO, , KEBON SARI, MADIUN, JAWA TIMUR, 63173', 'KUSNADI', 'SRI MULYANI', 'KUSNADI', 1),
(13, 'MUHAMMAD  NAWWAF A', 'MADIUN', '3/11/2014', 'Laki-Laki', 'DESA BALEREJO, , KEBON SARI, MADIUN, JAWA TIMUR, 63173', 'IMAM AKHSANI', 'SITI MUAWANAH', 'IMAM AKHSANI', 1),
(14, 'AHMAD AZZAM FAIRUZ MUZAKI', 'MADIUN', '6/6/2013', 'Laki-Laki', 'DESA BALEREJO, , KEBON SARI, MADIUN, JAWA TIMUR, 63173', 'SARIONO', 'NUR HIDAYATI', 'SARIONO', 1),
(15, 'JIHAN MAKAILA FAKHIRA', 'MADIUN', '12/7/2012', 'Laki-Laki', 'DESA BALEREJO, , KEBON SARI, MADIUN, JAWA TIMUR, 63173', 'DAMARUDI', 'WAFIROTIN', 'DAMARUDI', 1),
(16, 'FARADIBA NAILA HAMMANI', 'MADIUN', '8/19/2013', 'Perempuan', 'Jumok RT 13 RW 02, , KEBON SARI, MADIUN, JAWA TIMUR, 63173', 'KUSBANDONO', 'SISWATI', 'KUSBANDONO', 1),
(17, 'FANI ARISTAWATI', 'MADIUN', '3/8/2013', 'Perempuan', 'Nglongko Balerejo, , KEBON SARI, MADIUN, JAWA TIMUR, 63173', 'Darmuji', 'Endang', 'Darmuji', 2),
(18, 'AFIKA MEILANY PUTRI', 'MADIUN', '5/3/2012', 'Perempuan', 'BALEREJO, , KEBON SARI, MADIUN, JAWA TIMUR, 63173', 'RONIA WAKIT AFANDI', 'SURYANI', 'RONIA WAKIT AFANDI', 2),
(19, 'ANDIN TALITA ZAYANA', 'MADIUN', '9/29/2012', 'Perempuan', 'Jumog Kebonsari, , KEBON SARI, MADIUN, JAWA TIMUR, 63173', 'YOYOK SUGIANTO', 'IRA RAHMAWATI', 'YOYOK SUGIANTO', 2),
(20, 'AHMAD BALYA ASADULLOH MUTHOHHAR', 'MADIUN', '3/23/2012', 'Laki-Laki', 'BALEREJO, , KEBON SARI, MADIUN, JAWA TIMUR, 63173', 'IMRON ROSYIDI', 'BINTI MUAWANAH', 'IMRON ROSYIDI', 2),
(21, 'GEISHA NOVALISA FERNANDA', 'MAGETAN', '4/12/2012', 'Perempuan', 'Petungrejo, , NGUNTORONADI, MAGETAN, JAWA TIMUR, 63383', 'SUHUD', 'SULASTRI', 'SUHUD', 2),
(22, 'MEY SYIFFA AZZAHRA', 'JEMBER', '5/11/2013', 'Perempuan', 'Nglongko RT 21 RW 04, , KEBON SARI, MADIUN, JAWA TIMUR, 63173', 'DARMAJI', 'KHOIRUN NIKMAH', 'DARMAJI', 2),
(23, 'AZIZAH APRILIA AINURDINA', 'MADIUN', '4/8/2013', 'Perempuan', 'BALEREJO, , KEBON SARI, MADIUN, JAWA TIMUR, 63173', 'SAIFUL BAHRI', 'SUNDARI', 'SAIFUL BAHRI', 2),
(24, 'M KHAMDAN EKA SAPUTRA', 'MADIUN', '1/4/2013', 'Laki-Laki', 'Nglongko RT 23 RW 04, , KEBON SARI, MADIUN, JAWA TIMUR, 63173', 'SYAIFUDIN', 'RINA MAYASARI', 'SYAIFUDIN', 2),
(25, 'IRVINO PUTRA SUFYAN', 'MADIUN', '6/23/2012', 'Laki-Laki', 'BALEREJO, , KEBON SARI, MADIUN, JAWA TIMUR, 63173', 'DENY SUFYAN', 'SRI WAHYUNI', 'DENY SUFYAN', 2),
(26, 'WELYANANDRA NUR HIDAYAT', 'MADIUN', '4/17/2012', 'Laki-Laki', 'Nglongko Balerejo, , KEBON SARI, MADIUN, JAWA TIMUR, 63173', 'DASUKI', 'RINAWATI', 'DASUKI', 2),
(27, 'NAILA MUAZARA ULFA', 'MADIUN', '9/6/2012', 'Perempuan', 'Nglongko Balerejo, , KEBON SARI, MADIUN, JAWA TIMUR, 63173', 'ZAINAL ARIFIN', 'KATIMAH', 'ZAINAL ARIFIN', 2),
(28, 'MEGA AYU FUNISA ARMADITA', 'MADIUN', '5/18/2012', 'Perempuan', 'Nglongko Balerejo, , KEBON SARI, MADIUN, JAWA TIMUR, 63173', 'SABAR', 'WIWIK WIJIATI', 'SABAR', 2),
(29, 'FAHRIZA WAKIDIA PUTRA', 'MADIUN', '10/23/2012', 'Laki-Laki', 'Nglongko Balerejo, , KEBON SARI, MADIUN, JAWA TIMUR, 63173', 'NUR WAKIT', 'BANDIYAH', 'NUR WAKIT', 2),
(30, 'ADISTA BAGOS SETIAWAN', 'MADIUN', '2/3/2021', 'Laki-Laki', 'BALEREJO, , KEBON SARI, MADIUN, JAWA TIMUR, 63173', 'PARMONO', 'LAELA LESTARI', 'PARMONO', 2),
(31, 'EKO WAHYU RAHMADHANI', 'SRAGEN', '8/1/2012', 'Laki-Laki', 'BALEREJO, , KEBON SARI, MADIUN, JAWA TIMUR, 63173', 'EDY SUPRAYITNO', 'BETY LESTARI', 'EDY SUPRAYITNO', 2),
(32, 'HANIM NUR AFIFA', 'MADIUN', '6/19/2012', 'Perempuan', 'BALEREJO, , KEBON SARI, MADIUN, JAWA TIMUR, 63173', 'HARJITO', 'SUHARNI', 'HARJITO', 2),
(33, 'CAEZAHRA KURNIA NINDY RAMADHANI', 'MADIUN', '8/3/2012', 'Perempuan', 'KEDUNGREJO, , KEBON SARI, MADIUN, JAWA TIMUR, 63173', 'MUHAMMAD ANDI ISRA KURNIAWAN', 'YUNI HARIANI TRI  RAHAYU', 'MUHAMMAD ANDI ISRA KURNIAWAN', 2),
(34, 'MUHAMMAD HAMMUDY RAMADHANI', 'MADIUN', '7/18/2013', 'Laki-Laki', 'BALEREJO, , KEBON SARI, MADIUN, JAWA TIMUR, 63173', 'SUGENG', 'SRI HARSINI', 'SUGENG', 2),
(35, 'DHIA ADNADITO ZAKYA SANJAYA', 'MADIUN', '4/20/2013', 'Laki-Laki', 'BALEREJO, , KEBON SARI, MADIUN, JAWA TIMUR, 63173', 'BAMBANG SUHARTO', 'DIANA DWI PURLINAWATI', 'BAMBANG SUHARTO', 2),
(36, 'KHAYLA AZZAHRA ZHAFIA FAHMI', 'MADIUN', '9/4/2012', 'Perempuan', 'Nglongko balerejo, , KEBON SARI, MADIUN, JAWA TIMUR, 63173', 'FAHMI TRIYO PAMUNGKAS', 'VIRDA LESTYA LUTFITASARI', 'FAHMI TRIYO PAMUNGKAS', 2),
(37, 'NAYLA HABIBATUL ISRO''ATIN', 'MADIUN', '2/3/2021', 'Perempuan', 'BALEREJO, , KEBON SARI, MADIUN, JAWA TIMUR, 63173', 'ROSIDI', 'WAFIROTIN', 'ROSIDI', 2),
(38, 'ROFIQ MAULIDYA NURHAFIZAH', 'MADIUN', '2/9/2012', 'Perempuan', 'Nglongko balerejo, , KEBON SARI, MADIUN, JAWA TIMUR, 63173', 'HARI SUSENO', 'HANIK RUFAIDA', 'HARI SUSENO', 2),
(39, 'MILKHA HASNA NUHA', 'MADIUN', '5/19/2012', 'Perempuan', 'Nglongko Balerejo, , KEBON SARI, MADIUN, JAWA TIMUR, 63173', 'MOH MASYKUR RIDLOI', 'ENDAH WOROWIGATI', 'MOH MASYKUR RIDLOI', 2),
(40, 'BRIAN ADE RIZAL', 'MADIUN', '12/3/2012', 'Laki-Laki', 'Nglongko RT 22 RW 04, , KEBON SARI, MADIUN, JAWA TIMUR, 63173', 'HENDRIK NOBRIANTORO', 'PATIMAH', 'HENDRIK NOBRIANTORO', 2),
(41, 'YOPINO WIDAYANTO', 'MADIUN', '12/28/2011', 'Laki-Laki', 'Nglongko Balerejo, , KEBON SARI, MADIUN, JAWA TIMUR, 63173', 'WURYANTO', 'IDA WIDAYANTI', 'WURYANTO', 3),
(42, 'TARANIA MANZILATUN NAJWA', 'MADIUN', '1/14/2012', 'Perempuan', 'Pacar Kebonsari, , KEBON SARI, MADIUN, JAWA TIMUR, 63173', 'IMRON ROSIDI', 'MUFLICHAH', 'IMRON ROSIDI', 3),
(43, 'M. NGAZZA FAHRUL FAHAD', 'MADIUN', '2/7/2011', 'Laki-Laki', 'Nglongko Balerejo, , KEBON SARI, MADIUN, JAWA TIMUR, 63173', 'KATENO', 'TIN WARIATUL FUAD M', 'KATENO', 3),
(44, 'LAILA RAHMAWATI', 'MADIUN', '12/3/2011', 'Perempuan', 'Nglongko Balerejo, , KEBON SARI, MADIUN, JAWA TIMUR, 63173', 'BIBIT SURYANTO', 'MUJIATIN', 'BIBIT SURYANTO', 3),
(45, 'AHMAD TAUFIQ ISMAIL', 'MADIUN', '11/22/2011', 'Laki-Laki', 'Klorogan Geger, , DOLOPO, MADIUN, JAWA TIMUR, 63174', 'SUGITO', 'MUKMINATIN', 'SUGITO', 3),
(46, 'CITRA SWESTY MARANTIKA', 'MADIUN', '10/1/2012', 'Perempuan', 'Kandangan Kedondong, , KEBON SARI, MADIUN, JAWA TIMUR, 63173', 'DODY SULISTYONO', 'TRIANA KHUSNUL KHOTIMAH', 'DODY SULISTYONO', 3),
(47, 'FATHIA MALVA AYANA', 'MADIUN', '8/7/2012', 'Perempuan', 'Nglongko Balerejo, , KEBON SARI, MADIUN, JAWA TIMUR, 63173', 'HARIS MA`MUNI', 'QUROTUL FITRIANI', 'HARIS MA`MUNI', 3),
(48, 'WILDAN PRADANA SAPUTRA', 'MAGETAN', '2/28/2011', 'Laki-Laki', 'Petungrejo, , NGUNTORONADI, MAGETAN, JAWA TIMUR, 63383', 'SUHUD', 'SULASTRI', 'SUHUD', 3),
(49, 'MUHAMMAD MIRZA FAKHRIANTO', 'MADIUN', '5/4/2011', 'Laki-Laki', 'Pacar Kebonsari, , KEBON SARI, MADIUN, JAWA TIMUR, 63173', 'SUYANTO', 'SUSI DWI HANDAYANI', 'SUYANTO', 3),
(50, 'IHBRA AINUR MAULANA', 'MADIUN', '3/22/2011', 'Laki-Laki', 'Nglongko Balerejo, , KEBON SARI, MADIUN, JAWA TIMUR, 63173', 'MUKHLIS', 'ROFIQ ROSYIDHA', 'MUKHLIS', 3),
(51, 'BARA AMINULHAQ', 'MADIUN', '4/17/2012', 'Laki-Laki', 'Nglongko Balerejo, , KEBON SARI, MADIUN, JAWA TIMUR, 63173', 'HARSAYA', 'DWI YUNNY PUSPITA SARI', 'HARSAYA', 3),
(52, 'ANDRIAN TRI HATMOKO', 'MADIUN', '4/14/2011', 'Laki-Laki', 'Nglongko Balerejo, , KEBON SARI, MADIUN, JAWA TIMUR, 63173', 'WAGIRAN', 'SITI JUWARIYAH', 'WAGIRAN', 3),
(53, 'ATHIFA MALVA TANISHA', 'MADIUN', '8/7/2012', 'Perempuan', 'Nglongko Balerejo, , KEBON SARI, MADIUN, JAWA TIMUR, 63173', 'HARIS MA`MUNI', 'QUROTUL FITRIANI', 'HARIS MA`MUNI', 3),
(54, 'SAHARA ANI SILFIANA', 'MADIUN', '6/9/2011', 'Perempuan', 'Nglongko Balerejo, , KEBON SARI, MADIUN, JAWA TIMUR, 63173', 'RUKANI', 'MARIATIN', 'RUKANI', 3),
(55, 'RAFIE RIZQULLAH RASENDRIYA', 'MADIUN', '1/28/2012', 'Laki-Laki', 'Nglongko Balerejo, , KEBON SARI, MADIUN, JAWA TIMUR, 63173', 'AGUS', 'DHENY LITA ERMAWATI', 'AGUS', 3),
(56, 'AYYUB DIMAS SUWARNO', 'MADIUN', '3/3/2012', 'Laki-Laki', 'Nglongko Balerejo, , KEBON SARI, MADIUN, JAWA TIMUR, 63173', 'SUWARNO', 'TRI UTAMI', 'SUWARNO', 3),
(57, 'CHOIRUL AZZAM AWWALLUL RISKY', 'KEBUMEN', '12/4/2011', 'Laki-Laki', 'NGLONGKO BALEREJO, , KEBON SARI, MADIUN, JAWA TIMUR, 63173', 'TURINO', 'SITI YULAIKAH', 'TURINO', 3),
(58, 'VITRI LUTHFIA AGUSTIN', 'MADIUN', '8/31/2011', 'Perempuan', 'BALEREJO, , KEBON SARI, MADIUN, JAWA TIMUR, 63173', 'CHOIRUL IHWAN', 'YENI AROHMAH', 'CHOIRUL IHWAN', 3),
(59, 'AHMAD ABDUL AZIZ', 'MADIUN', '11/7/2011', 'Laki-Laki', 'BALEREJO, , KEBON SARI, MADIUN, JAWA TIMUR, 63173', 'WIYONO', 'NIKMATUL AWALIN', 'WIYONO', 3),
(60, 'ARMAGA TAUFIQUR RUDYA S', '', '2/4/2021', 'Laki-Laki', 'JOHOREJO, , TANJUNGANOM, NGANJUK, JAWA TIMUR, 64482', 'NORMA UTIN RAHAYU', 'NORMA UTIN RAHAYU', 'NORMA UTIN RAHAYU', 3),
(61, 'SHABILIL BREGA EKA FIANGA', 'MADIUN', '12/20/2011', 'Laki-Laki', 'Nglongko Balerejo, , KEBON SARI, MADIUN, JAWA TIMUR, 63173', 'WIYONO', 'ZUZUN', 'WIYONO', 3),
(62, 'ATHAYA BINTANG ZALICCA', 'MADIUN', '10/26/2010', 'Laki-Laki', 'Jumog Kebonsari, , KEBON SARI, MADIUN, JAWA TIMUR, 63173', 'ALI SOFYAN', 'YUANA AFIDA ULFA', 'ALI SOFYAN', 4),
(63, 'CAESARIO ALIEF', 'MADIUN', '6/22/2010', 'Laki-Laki', 'Jumog Kebonsari, , KEBON SARI, MADIUN, JAWA TIMUR, 63173', 'SOBARUDIN', 'YUNI HARIANI TRI RAHAYU, S.Pd', 'YUNI HARIANI TRI RAHAYU, S.Pd', 4),
(64, 'FEBY CINTYA PRIYANTI', 'MADIUN', '9/2/2011', 'Perempuan', 'Nglongko Balerejo, , KEBON SARI, MADIUN, JAWA TIMUR, 63173', 'SUPRIYANTO', 'ENDANG SETYANINGSIH', 'SUPRIYANTO', 4),
(65, 'ALIZA AYU AMELIA', 'MADIUN', '11/3/2011', 'Perempuan', 'Jumog Kebonsari, , KEBON SARI, MADIUN, JAWA TIMUR, 63173', 'KAMBALI', 'YUNI WIDYAWATI', 'KAMBALI', 4),
(66, 'MAURIN ANGELINA RAMADHANI', 'MADIUN', '8/18/2010', 'Perempuan', 'Nglongko Balerejo, , KEBON SARI, MADIUN, JAWA TIMUR, 63173', 'SALIM', 'ROMLAH', 'SALIM', 4),
(67, 'REYHANA PUTRI ANANTA', 'MADIUN', '3/30/2011', 'Perempuan', 'Nglongko Balerejo, , KEBON SARI, MADIUN, JAWA TIMUR, 63173', 'ANANG SETIYAWAN', 'LINA ITA ANDRIASTUTI', 'ANANG SETIYAWAN', 4),
(68, 'AKBAR PRATAMA ADI FALSA', 'MADIUN', '7/20/2010', 'Laki-Laki', 'Nglongko Balerejo, , KEBON SARI, MADIUN, JAWA TIMUR, 63173', 'SABAR', 'WIWIK WIJIATI', 'SABAR', 4),
(69, 'ZALFA MARAYA ARIBAH LUBNA', 'MADIUN', '1/21/2011', 'Perempuan', 'Nglongko Balerejo, , KEBON SARI, MADIUN, JAWA TIMUR, 63173', 'HARTONO', 'ERNI LISTYOWATI', 'HARTONO', 4),
(70, 'ALYA NAAFIFATUL LATIFAH', 'MADIUN', '4/22/2011', 'Perempuan', 'BALEREJO, , KEBON SARI, MADIUN, JAWA TIMUR, 63173', 'ZAINAL ARIFIN', 'DEVI AMBARWATI', 'ZAINAL ARIFIN', 4),
(71, 'AHMAD FAREL HANAFI', 'MADIUN', '6/6/2010', 'Laki-Laki', 'BALEREJO, , KEBON SARI, MADIUN, JAWA TIMUR, 63173', 'FUAD WAHYUDI', 'EKA RATNA FURI', 'FUAD WAHYUDI', 4),
(72, 'RAKHA DZAMAR JULIANMA', 'MADIUN', '10/8/2010', 'Laki-Laki', 'COPADU, , KEBON SARI, MADIUN, JAWA TIMUR, 63173', 'JULIANTO', 'IMA YUNIAWATI', 'JULIANTO', 4),
(73, 'REZA HAFIS ANSORI', 'MADIUN', '7/30/2010', 'Laki-Laki', 'BALEREJO, , KEBON SARI, MADIUN, JAWA TIMUR, 63173', 'SUGITO', 'MUKMINATIN', 'SUGITO', 4),
(74, 'RESTY AGANDI ANISA NURO N', 'MADIUN', '4/2/2011', 'Laki-Laki', 'Nglongko Balerejo, , KEBON SARI, MADIUN, JAWA TIMUR, 63173', 'AGUS SIRANTO', 'ANDIK WHIKANDYAWATI', 'AGUS SIRANTO', 4),
(75, 'VERI SAPUTRA', 'MADIUN', '7/13/2010', 'Laki-Laki', 'Nglongko Balerejo, , KEBON SARI, MADIUN, JAWA TIMUR, 63173', 'SUWARNO', 'SULIS SETIYOWATI', 'SUWARNO', 4),
(76, 'ABDUL AZIZ ARIFUDIN', 'MADIUN', '6/26/2010', 'Laki-Laki', 'Jumog Kebonsari, , KEBON SARI, MADIUN, JAWA TIMUR, 63173', 'NURKOZIN', 'JAMILATUR ROHMAH', 'NURKOZIN', 4),
(77, 'YOLANDA JESLINA', 'MADIUN', '6/7/2010', 'Perempuan', 'Nglongko Balerejo, , KEBON SARI, MADIUN, JAWA TIMUR, 63173', 'BASIROM', 'NANIK STYONINGSIH', 'BASIROM', 4),
(78, 'FAZILA ZIVA RACHMAWATI', 'MADIUN', '10/27/2010', 'Perempuan', 'Padas Kedondong Kebonsari, , KEBON SARI, MADIUN, JAWA TIMUR, 63173', 'SISWANTO', 'RINA SUNDARI', 'SISWANTO', 4),
(79, 'LULUAH MARITSA', 'MADIUN', '5/24/2010', 'Perempuan', 'Nglongko Balerejo, , KEBON SARI, MADIUN, JAWA TIMUR, 63173', 'ALI MAHMUD', 'HUSNUL HAMIDIYAH', 'ALI MAHMUD', 4),
(80, 'YEISHA SHAQUILA ZIA KHALFANI', 'MADIUN', '4/10/2011', 'Perempuan', 'WATU OMPAK RT 12 RW 03, , KEBON SARI, MADIUN, JAWA TIMUR, 63173', 'HANDOKO SAPUTRO WIBOWO', 'RENDY ADITYA SAPUTRI', 'HANDOKO SAPUTRO WIBOWO', 4),
(81, 'SALWA AZZAHRA', 'MADIUN', '10/11/2009', 'Perempuan', 'Nglongko Balerejo, , KEBON SARI, MADIUN, JAWA TIMUR, 63173', 'DIMUN', 'RETNO', 'DIMUN', 4),
(82, 'INFAZA HAFI KHOIRUNA', 'MADIUN', '9/20/2010', 'Perempuan', 'Nglongko Balerejo, , KEBON SARI, MADIUN, JAWA TIMUR, 63173', 'RIDLO FATAWI', 'ANIS KURNIAWATI', 'RIDLO FATAWI', 4),
(83, 'ZAHREENA PRAMESWARI', 'MADIUN', '6/6/2011', 'Perempuan', 'Jumok RT 12 RW 02, , KEBON SARI, MADIUN, JAWA TIMUR, 63173', 'KOIRUL ARIFIN', 'RINA ERMAWATI', 'KOIRUL ARIFIN', 4),
(84, 'IBRAHIM GHUSAN NAUFAL', 'MADIUN', '5/29/2010', 'Laki-Laki', 'Nglongko Balerejo, , KEBON SARI, MADIUN, JAWA TIMUR, 63173', 'SAFIUL ANAM', 'ELLY TARIANA', 'SAFIUL ANAM', 4),
(85, 'NOFI YUSIANUR WIDYA R', 'MADIUN', '5/13/2011', 'Perempuan', 'Nglongko Balerejo, , KEBON SARI, MADIUN, JAWA TIMUR, 63173', 'SUPARMAN', 'MARSIYATUN', 'SUPARMAN', 4),
(86, 'PRADYA GEITSA NABILA NAFLA', 'MADIUN', '2/24/2011', 'Perempuan', 'Jumog Kebonsari, , KEBON SARI, MADIUN, JAWA TIMUR, 63173', 'SUPRAPTO. SE', 'USWATUN KASANAH', 'SUPRAPTO. SE', 4),
(87, 'MELISA PUTRI ADELIA', 'MADIUN', '1/5/2011', 'Perempuan', 'Nglongko Balerejo, , KEBON SARI, MADIUN, JAWA TIMUR, 63173', 'MAHMUDI', 'NUR MALAYANTI', 'MAHMUDI', 4),
(88, 'MUHAMMAD GENZA MARZUQ ANNIZAR WIBOWO', 'MADIUN', '10/7/2010', 'Laki-Laki', 'Nglongko Balerejo, , KEBON SARI, MADIUN, JAWA TIMUR, 63173', 'GATOT WIBOWO', 'FITRIANA CATUR WATI', 'GATOT WIBOWO', 4),
(89, 'MUHAMMAD ZIDAN AZIZI', 'MADIUN', '9/28/2009', 'Laki-Laki', 'Jl. Mangkusari, , TEWEH TENGAH, BARITO UTARA, KALIMANTAN TENGAH, 73812', 'ADDIB MUHAMMADAN', 'HUSNUL HAMIDIYAH', 'ADDIB MUHAMMADAN', 5),
(90, 'NABILAH MUFIDAH', 'KEDIRI', '6/27/2009', 'Perempuan', 'Nglongko rt/rw 20/04 Kec Kebonsari Kab Madiun, , KEBON SARI, MADIUN, JAWA TIMUR, 63173', 'ROHANI', 'PUJI ASTUTIK', 'ROHANI', 5),
(91, 'ALDO BHAKTI PERKASA', 'MADIUN', '7/14/2009', 'Laki-Laki', 'Nglongko Kec Kebonsari Kab Madiun, , KEBON SARI, MADIUN, JAWA TIMUR, 63173', 'MUJIONO', 'WINDARTI', 'MUJIONO', 5),
(92, 'RIDA AMANDA CAHYANI', 'MADIUN', '4/14/2010', 'Perempuan', 'Nglongko rt/rw 21/04 Kec Kebonsari Kab Madiun, , KEBON SARI, MADIUN, JAWA TIMUR, 63173', 'SUMARNI', 'YANTI IRAWATI', 'SUMARNI', 5),
(93, 'SATRIYA ALDIYANSYAH', 'MADIUN', '3/5/2009', 'Laki-Laki', 'NGLONGKO, , KEBON SARI, MADIUN, JAWA TIMUR, 63173', 'SUPRAPTO', 'SURYATI', 'SUPRAPTO', 5),
(94, 'TRISTANT WAHYU FEBRIANSYAH', 'MADIUN', '2/11/2010', 'Laki-Laki', 'Binowo RT.15 RW.03, , KEBON SARI, MADIUN, JAWA TIMUR, 63173', 'SUTRISNO', 'TRI SUSANTI', 'SUTRISNO', 5),
(95, 'ALYA PUTRI KEYSA', 'MADIUN', '7/11/2009', 'Perempuan', 'JL.MAWAR, , GEGER, MADIUN, JAWA TIMUR, 63171', 'KUSDIANTO', 'INDAH LESTARI', 'INDAH LESTARI', 5),
(96, 'AHMAD WISNU HASANA', 'MADIUN', '6/29/2010', 'Laki-Laki', 'NGLONGKO, , KEBON SARI, MADIUN, JAWA TIMUR, 63173', 'KUSNI', 'DANING', 'KUSNI', 5),
(97, 'SAFIRA ANGGUN ASWATHUL VANESA', 'MADIUN', '4/9/2009', 'Perempuan', 'Binowo RT.16 RW.03, , KEBON SARI, MADIUN, JAWA TIMUR, 63173', 'EDY SUSANTO', 'RULLY TRISNAWATI', 'EDY SUSANTO', 5),
(98, 'RISTI AYU ZUL HABIBAH', 'MADIUN', '11/1/2010', 'Perempuan', 'kebonsari  rt/rw 14/02 Kec Kebonsari Kab Madiun, , KEBON SARI, MADIUN, JAWA TIMUR, 63173', 'HURI SUSANTO', 'SITI JULAIKAH', 'HURI SUSANTO', 5),
(99, 'TIFANI DWI ANANDA PUTRI', 'MADIUN', '5/26/2009', 'Perempuan', 'KEDONDONG, , KEBON SARI, MADIUN, JAWA TIMUR, 63173', 'PARMAN', 'RATNAWATI', 'PARMAN', 5),
(100, 'BALQIS NURADILA AZ-ZAHRA', 'MADIUN', '1/11/2010', 'Perempuan', 'Nglongko rt/rw 18/03 Kec Kebonsari Kab Madiun, , KEBON SARI, MADIUN, JAWA TIMUR, 63173', 'SUGIYANTO', 'SITI SOLIKAH', 'SUGIYANTO', 5),
(101, 'RAFFA RADITYA PRATAMA', 'MADIUN', '1/25/2010', 'Laki-Laki', 'Balerejo rt/rw 23/04 Kec Kebonsari Kab Madiun, , KEBON SARI, MADIUN, JAWA TIMUR, 63173', 'SLAMET ANDRIAN KALBAR', 'DWI SUSANTI', 'SLAMET ANDRIAN KALBAR', 5),
(102, 'SYIFANI ANJARSARI', 'MADIUN', '11/12/2009', 'Perempuan', 'Binowo RT.16 RW.03, , KEBON SARI, MADIUN, JAWA TIMUR, 63173', 'MAHENDRA FILUIKA', 'LILIK SETYOWATI', 'MAHENDRA FILUIKA', 5),
(103, 'AVRILIA RATRI ROBIKAH PUTRI', 'MADIUN', '4/28/2009', 'Perempuan', 'Nglongko rt/rw 16/01 Kec Kebonsari Kab Madiun, , KEBON SARI, MADIUN, JAWA TIMUR, 63173', 'SUNARWAN WAJIT ROBIKAH', 'HANDARWATI', 'SUNARWAN WAJIT ROBIKAH', 5),
(104, 'SAVA ZAHRANI FADLILAH', 'MADIUN', '4/30/2009', 'Perempuan', 'NGLONGKO RT.21 RW.04, , KEBON SARI, MADIUN, JAWA TIMUR, 63173', 'FADELAN', 'LILIK HASNANINGSIH', 'FADELAN', 5),
(105, 'DARA DWI APRILIANI', 'MADIUN', '4/4/2010', 'Perempuan', 'Nglongko rt/rw 19/04 Kec Kebonsari Kab Madiun, , KEBON SARI, MADIUN, JAWA TIMUR, 63173', 'SUDARMANTO', 'SUPARTINI', 'SUDARMANTO', 5),
(106, 'SABRINA PUTRI ANGGITASARI', 'MADIUN', '6/7/2010', 'Perempuan', 'Nglongko rt/rw 23/04 Kec Kebonsari Kab Madiun, , KEBON SARI, MADIUN, JAWA TIMUR, 63173', 'SABAR', 'SITI JAENAB', 'SABAR', 5),
(107, 'FEBRYAN TAMAM DAFFA  PUTRA', 'MADIUN', '2/12/2009', 'Laki-Laki', 'KEBONSARI, , KEBON SARI, MADIUN, JAWA TIMUR, 63173', 'ISWAHYUDI.SSTPI', 'FENTY YULAIKAH', 'ISWAHYUDI.SSTPI', 5),
(108, 'ERLY CHARISSA AMANDA', 'MADIUN', '5/4/2009', 'Perempuan', 'NGLONGKO, , KEBON SARI, MADIUN, JAWA TIMUR, 63173', 'AGUS SISWANTO', 'SULASTRI', 'AGUS SISWANTO', 5),
(109, 'MUQTADEYA SABILA', 'MADIUN', '3/22/2010', 'Perempuan', 'KEBONSARI, , KEBON SARI, MADIUN, JAWA TIMUR, 63173', 'IMRON ROSIDI,S.PD.I', 'MUFLICHAH,S.PD.I', 'IMRON ROSIDI,S.PD.I', 5),
(110, 'MUHAMMAD ZIDAN HABIBI', 'MADIUN', '9/28/2009', 'Laki-Laki', 'Jl. Mangkusari, , TEWEH TENGAH, BARITO UTARA, KALIMANTAN TENGAH, 73811', 'ADDIB MUHAMMADAN', 'HUSNUL HAMIDIYAH', 'ADDIB MUHAMMADAN', 5),
(111, 'LAILA IZZATI', 'MADIUN', '4/24/2009', 'Perempuan', 'nglongko, , KEBON SARI, MADIUN, JAWA TIMUR, 63173', 'SINUNG HARIANTO', 'TRI WAHYU WARDANI', 'SINUNG HARIANTO', 5),
(112, 'YAZKIYA RIF ATUL FAUZIYYAH', 'MADIUN', '9/23/2009', 'Perempuan', 'BALEREJO RT.08 RW.01, , KEBON SARI, MADIUN, JAWA TIMUR, 63173', 'WAHID ANWAR', 'ARIN ROFIQOH', 'WAHID ANWAR', 5),
(113, 'GALBYNA ALFIYANTI WALOYO', 'MADIUN', '5/28/2010', 'Perempuan', 'Nglongko rt/rw 19/04 Kec Kebonsari Kab Madiun, , KEBON SARI, MADIUN, JAWA TIMUR, 63173', 'DJOKO WALUYO', 'HERI WIDAYANTI', 'DJOKO WALUYO', 5),
(114, 'LAILATUL AZKIYYAH', 'MADIUN', '1/1/2010', 'Perempuan', 'KEBONSARI, , KEBON SARI, MADIUN, JAWA TIMUR, 63173', 'HADI MUBANU', 'SITI MAHIROH', 'HADI MUBANU', 5),
(115, 'DELA AFINDA', 'MADIUN', '1/14/2009', 'Perempuan', 'DESA BALEREJO, BALEREJO, KEBON SARI, MADIUN, JAWA TIMUR, 63173', 'NURYANTO', 'YANTIKANA', 'NURYANTO', 6),
(116, 'RAHMA SAFITHA PUTRI', 'MADIUN', '5/19/2008', 'Perempuan', 'JUMOG  KEBONSARI, , KEBON SARI, MADIUN, JAWA TIMUR, 63173', 'SUPRIYADI', 'RUMINI', 'SUPRIYADI', 6),
(117, 'GALANG RIO NOVIANTO', 'MADIUN', '11/19/2008', 'Laki-Laki', 'DESA BALEREJO, , KEBON SARI, MADIUN, JAWA TIMUR, 63173', 'SUPARYANTO', 'SURATUN', 'SUPARYANTO', 6),
(118, 'ANNISA FITROTUL RAHMADANI', 'SURABAYA', '9/11/2008', 'Perempuan', 'JUMOG KEBONSARI, , KEBON SARI, MADIUN, JAWA TIMUR, 63173', 'HADI UTOMO', 'SITI NUR AZIZAH', 'HADI UTOMO', 6),
(119, 'BREGMA LANI ABIYOSO PRADANA', 'MADIUN', '12/23/2008', 'Laki-Laki', 'JUMOG KEBONSARI, , KEBON SARI, MADIUN, JAWA TIMUR, 63173', 'DARIYANTO', 'SITI MASFUAH', 'DARIYANTO', 6),
(120, 'TETANIA AURELIA WINATI', 'MADIUN', '12/2/2008', 'Perempuan', 'DESA BALEREJO, , KEBON SARI, MADIUN, JAWA TIMUR, 63173', 'WIJIANTO', 'WIJIANTO', 'WIJIANTO', 6),
(121, 'DEVINDA AMELIA', 'MADIUN', '8/16/2008', 'Perempuan', 'JUMOG KEBONSARI, , KEBON SARI, MADIUN, JAWA TIMUR, 63173', 'HARUN ROSID', 'MUALIFAH', 'HARUN ROSID', 6),
(122, 'BAGUS DANANG SETYAWAN', 'MADIUN', '9/17/2008', 'Laki-Laki', 'JUMOG KEBONSARI, , KEBON SARI, MADIUN, JAWA TIMUR, 63173', 'SOIMUN', 'UMI KHOIRIYAH', 'SOIMUN', 6),
(123, 'NETA OKTAVIANA PUTRI', 'MADIUN', '10/14/2008', 'Perempuan', 'JUMOG KEBONSARI, , KEBON SARI, MADIUN, JAWA TIMUR, 63173', 'SUPARNI', 'MUSRIAH', 'SUPARNI', 6),
(124, 'CHESHA QURROTUL A YUNI', 'MADIUN', '7/2/2008', 'Perempuan', 'JUMOG KEBONSARI, , KEBON SARI, MADIUN, JAWA TIMUR, 63173', 'BASUKI', 'MURSITI', 'BASUKI', 6),
(125, 'NADIA MARLIANA', 'MADIUN', '7/1/2009', 'Perempuan', 'DESA BALEREJO, , KEBON SARI, MADIUN, JAWA TIMUR, 63173', 'ERDIANA YUSUF', 'KHOIRUL WAFIROH', 'ERDIANA YUSUF', 6),
(126, 'MAYADA LAILATUL ARIFKA SARI', 'MADIUN', '1/25/2009', 'Perempuan', 'DESA BALEREJO, , KEBON SARI, MADIUN, JAWA TIMUR, 63173', 'ZAINAL ARIFIN', 'KATIMAH', 'ZAINAL ARIFIN', 6),
(127, 'RAID AGANDI ZIADIR RIZKI', 'MADIUN', '12/3/2008', 'Laki-Laki', 'DESA BALEREJO, , KEBON SARI, MADIUN, JAWA TIMUR, 63173', 'AGUS SIRANTO', 'ANDIK WHIKANDYAWATI', 'AGUS SIRANTO', 6),
(128, 'MEYLANA FLOREANEYZA DIVYA', 'MADIUN', '5/16/2009', 'Perempuan', 'Nglongko Balerejo, , KEBON SARI, MADIUN, JAWA TIMUR, 63173', 'SURATIN', 'ENY WIDYAWATI', 'SURATIN', 6),
(129, 'LUZAIN DIAN AZZA NORHALIZA', 'LUMAJANG', '4/19/2008', 'Perempuan', 'JUMOG KEBONSARI, , KEBON SARI, MADIUN, JAWA TIMUR, 63173', 'NOR WAKIT', 'LANDIANA LAILATUL M', 'NOR WAKIT', 6),
(130, 'SELVIE MARSHELLA', 'MADIUN', '12/20/2008', 'Perempuan', 'DESA BALEREJO, , KEBON SARI, MADIUN, JAWA TIMUR, 63173', 'WURYANTO', 'IDA WIDAYATI', 'WURYANTO', 6),
(131, 'GATHAN BRYAN MAULANA', 'MADIUN', '2/27/2009', 'Laki-Laki', 'Nglongko Balerejo, , KEBON SARI, MADIUN, JAWA TIMUR, 63173', 'SUYANTO', 'SRI PURWANINGSIH', 'SUYANTO', 6),
(132, 'FIRDA AULIA ZULFA', 'MADIUN', '7/26/2009', 'Perempuan', 'JUMOG KEBONSARI, , KEBON SARI, MADIUN, JAWA TIMUR, 63173', 'SUKEMI', 'INDARWATI', 'SUKEMI', 6),
(133, 'NOIANO PALLEVI', 'MADIUN', '5/15/2008', 'Laki-Laki', 'JUMOG KEBONSARI, , KEBON SARI, MADIUN, JAWA TIMUR, 63173', 'EDY SUSENO,SE', 'INDRI CAHYA SURIPASI', 'EDY SUSENO,SE', 6),
(134, 'SINTA FAJRIN WAHYUNINGSIH', 'MADIUN', '7/13/2008', 'Perempuan', 'DESA BALEREJO, , KEBON SARI, MADIUN, JAWA TIMUR, 63173', 'MARNI', 'PURWANINGSIH', 'MARNI', 6),
(135, 'MOHAMMAD ARIF FAIZAL', 'MADIUN', '12/12/2008', 'Laki-Laki', 'DESA BALEREJO, , KEBON SARI, MADIUN, JAWA TIMUR, 63173', 'JUNAIDI', 'WAHYUNI', 'JUNAIDI', 6),
(136, 'RIMA NUR YULIANI', 'MADIUN', '7/10/2008', 'Perempuan', 'DESA BALEREJO, , KEBON SARI, MADIUN, JAWA TIMUR, 63173', 'BANDI', 'KATIYEM', 'BANDI', 6),
(137, 'FINDA FITRIA', 'MADIUN', '9/26/2008', 'Perempuan', 'PADAS KEDONDONG KEBONSARI, , KEBON SARI, MADIUN, JAWA TIMUR, 63173', 'SUPRAPTO', 'HARTINI', 'SUPRAPTO', 6);

-- --------------------------------------------------------

--
-- Table structure for table `kriteria`
--

CREATE TABLE `kriteria` (
  `id_kriteria` int(11) NOT NULL,
  `atribut` enum('cost','benefit') NOT NULL,
  `bobot_nilai` int(50) NOT NULL,
  `nama_kriteria` varchar(50) NOT NULL
) ENGINE=InnoDB DEFAULT CHARSET=latin1;

--
-- Dumping data for table `kriteria`
--

INSERT INTO `kriteria` (`id_kriteria`, `atribut`, `bobot_nilai`, `nama_kriteria`) VALUES
(1, 'cost', 3, 'Penghasilan_Ayah'),
(2, 'cost', 3, 'Penghasilan_Ibu'),
(3, 'benefit', 2, 'Jumlah_Saudara'),
(4, 'cost', 1, 'Pekerjaan_Ayah'),
(5, 'cost', 1, 'Pekerjaan_Ibu');

-- --------------------------------------------------------

--
-- Table structure for table `t_kriteria`
--

CREATE TABLE `t_kriteria` (
  `id_tkriteria` int(11) NOT NULL,
  `id_kriteria` int(11) NOT NULL,
  `keterangan` varchar(100) NOT NULL,
  `nkriteria` int(15) NOT NULL
) ENGINE=InnoDB DEFAULT CHARSET=latin1;

--
-- Dumping data for table `t_kriteria`
--

INSERT INTO `t_kriteria` (`id_tkriteria`, `id_kriteria`, `keterangan`, `nkriteria`) VALUES
(1, 1, '<500.000', 1),
(2, 1, '500.000-1.000.000', 2),
(3, 1, '1.000.000-2.000.000', 3),
(4, 1, '2.000.000-3.000.000', 4),
(5, 1, '3.000.000-5.000.000', 5),
(6, 1, '>5.000.000', 6),
(7, 2, '<500.000', 1),
(8, 2, '500.000-1.000.000', 2),
(9, 2, '1.000.000-2.000.000', 3),
(10, 2, '2.000.000-3.000.000', 4),
(11, 2, '3.000.000-5.000.000', 5),
(12, 2, '>5.000.000', 6),
(13, 3, '1', 1),
(14, 3, '2', 2),
(15, 3, '3', 3),
(16, 3, '4', 4),
(17, 3, '>5', 5),
(18, 4, 'Guru/Dosen', 5),
(19, 4, 'Pegawai Swasta', 4),
(20, 4, 'Wiraswasta', 3),
(21, 4, 'Petani', 2),
(22, 4, 'Buruh', 1),
(23, 5, 'Guru/Dosen', 5),
(24, 5, 'Pegawai Swasta', 4),
(25, 5, 'Wiraswasta', 3),
(26, 5, 'Petani', 2),
(27, 5, 'Buruh', 1);

--
-- Indexes for dumped tables
--

--
-- Indexes for table `admin`
--
ALTER TABLE `admin`
  ADD PRIMARY KEY (`id_admin`);

--
-- Indexes for table `analisa`
--
ALTER TABLE `analisa`
  ADD PRIMARY KEY (`id_analisa`);

--
-- Indexes for table `data_siswa`
--
ALTER TABLE `data_siswa`
  ADD PRIMARY KEY (`id_siswa`);

--
-- Indexes for table `kriteria`
--
ALTER TABLE `kriteria`
  ADD PRIMARY KEY (`id_kriteria`);

--
-- Indexes for table `t_kriteria`
--
ALTER TABLE `t_kriteria`
  ADD PRIMARY KEY (`id_tkriteria`);

--
-- AUTO_INCREMENT for dumped tables
--

--
-- AUTO_INCREMENT for table `admin`
--
ALTER TABLE `admin`
  MODIFY `id_admin` int(11) NOT NULL AUTO_INCREMENT, AUTO_INCREMENT=2;
--
-- AUTO_INCREMENT for table `analisa`
--
ALTER TABLE `analisa`
  MODIFY `id_analisa` int(11) NOT NULL AUTO_INCREMENT, AUTO_INCREMENT=1421;
--
-- AUTO_INCREMENT for table `data_siswa`
--
ALTER TABLE `data_siswa`
  MODIFY `id_siswa` int(11) NOT NULL AUTO_INCREMENT, AUTO_INCREMENT=138;
--
-- AUTO_INCREMENT for table `kriteria`
--
ALTER TABLE `kriteria`
  MODIFY `id_kriteria` int(11) NOT NULL AUTO_INCREMENT, AUTO_INCREMENT=6;
--
-- AUTO_INCREMENT for table `t_kriteria`
--
ALTER TABLE `t_kriteria`
  MODIFY `id_tkriteria` int(11) NOT NULL AUTO_INCREMENT, AUTO_INCREMENT=28;
/*!40101 SET CHARACTER_SET_CLIENT=@OLD_CHARACTER_SET_CLIENT */;
/*!40101 SET CHARACTER_SET_RESULTS=@OLD_CHARACTER_SET_RESULTS */;
/*!40101 SET COLLATION_CONNECTION=@OLD_COLLATION_CONNECTION */;
